var,type,p_mediation,p_moderation
AB,none,0.4061854146868117,0.6693018995736595
BB,none,0.8596259510382217,0.9638344216540038
IND,none,0.9822438197838754,0.7076708200717046
COG,moderator,0.9974713658623593,0.04958815206477138
SSC,none,0.8920159878956361,0.8226011486597192
AIU,none,0.8907027950134494,0.8573218084083102
